config,condition,metric,value
deg_baseline_2x2,clean,ai_roc_auc,0.882165
deg_baseline_2x2,clean,blur_roc_auc,nan
deg_baseline_2x2,clean,jpeg_roc_auc,nan
deg_baseline_2x2,jpeg_only,ai_roc_auc,0.568248
deg_baseline_2x2,jpeg_only,blur_roc_auc,nan
deg_baseline_2x2,jpeg_only,jpeg_roc_auc,nan
deg_baseline_2x2,blur_only,ai_roc_auc,0.66617
deg_baseline_2x2,blur_only,blur_roc_auc,nan
deg_baseline_2x2,blur_only,jpeg_roc_auc,nan
deg_baseline_2x2,both,ai_roc_auc,0.534609
deg_baseline_2x2,both,blur_roc_auc,nan
deg_baseline_2x2,both,jpeg_roc_auc,nan
deg_baseline_2x2,seen,ai_roc_auc,0.56849
deg_baseline_2x2,seen,blur_roc_auc,0.807627
deg_baseline_2x2,seen,jpeg_roc_auc,0.999621
deg_baseline_2x2,unseen,ai_roc_auc,0.538806
deg_baseline_2x2,unseen,blur_roc_auc,nan
deg_baseline_2x2,unseen,jpeg_roc_auc,nan
deg_renyi4_2x2,clean,ai_roc_auc,0.860617
deg_renyi4_2x2,clean,blur_roc_auc,nan
deg_renyi4_2x2,clean,jpeg_roc_auc,nan
deg_renyi4_2x2,jpeg_only,ai_roc_auc,0.566301
deg_renyi4_2x2,jpeg_only,blur_roc_auc,nan
deg_renyi4_2x2,jpeg_only,jpeg_roc_auc,nan
deg_renyi4_2x2,blur_only,ai_roc_auc,0.636226
deg_renyi4_2x2,blur_only,blur_roc_auc,nan
deg_renyi4_2x2,blur_only,jpeg_roc_auc,nan
deg_renyi4_2x2,both,ai_roc_auc,0.557588
deg_renyi4_2x2,both,blur_roc_auc,nan
deg_renyi4_2x2,both,jpeg_roc_auc,nan
deg_renyi4_2x2,seen,ai_roc_auc,0.56809
deg_renyi4_2x2,seen,blur_roc_auc,0.802757
deg_renyi4_2x2,seen,jpeg_roc_auc,0.999848
deg_renyi4_2x2,unseen,ai_roc_auc,0.562296
deg_renyi4_2x2,unseen,blur_roc_auc,nan
deg_renyi4_2x2,unseen,jpeg_roc_auc,nan
